scenario,model,mAP50-95,mAP50-95,mAP50-95,mAP50-95,mAP50,mAP50,mAP50,mAP50,Precision,Precision,Precision,Precision,Recall,Recall,Recall,Recall,F1-score,F1-score,F1-score,F1-score,FPS,FPS,FPS,FPS
,,mean,std,min,max,mean,std,min,max,mean,std,min,max,mean,std,min,max,mean,std,min,max,mean,std,min,max
ACDC in-domain,Faster R-CNN,0.420525967500919,0.010928886062599293,0.4127980780552399,0.4282538569465981,0.6042283741570298,0.011143625846184372,0.5963486407541871,0.6121081075598724,,,,,,,,,,,,,16.14602130468326,0.06083804723116918,16.103002308931952,16.189040300434566
ACDC in-domain,YOLOv11s,0.2919085690245294,0.07814745736667675,0.2069465043760527,0.3563629574710001,0.46927283073236464,0.09657876526550967,0.3641803764424393,0.5484181987692751,0.6583448123318482,0.12266044887644767,0.5244858901368917,0.7650000386663572,0.4218730402222506,0.07493859146638272,0.3428727645640794,0.4911716446790979,0.5138393740064352,0.0913785493740203,0.4146656655677316,0.5900827752584693,928.5416819303782,477.3418758803573,84.53231574908921,1184.4678675465798
ACDC → DAWN,Faster R-CNN,0.2589170813966373,0.003781895558840892,0.2545904665070368,0.2615932598932581,0.381258823818782,0.0036968700987279383,0.3771745413995682,0.3843760586833531,,,,,,,,,,,,,20.823457590506138,0.5143576517383999,20.5247579165202,21.41738326183152
ACDC → DAWN,YOLOv11s,0.11347044484445623,0.01667500837069121,0.0956807669643949,0.1287450506184209,0.18766742092015623,0.01938295485131159,0.1704815983787298,0.2086774400042426,0.422563001476373,0.09769621236484903,0.3581057064669495,0.5349695309092624,0.1659058174520677,0.024679286059079653,0.143989629624978,0.1926381845257831,0.23452020984124636,0.017406970837297666,0.2222173957683124,0.2544369068545226,216.44793122561842,86.88300691203803,127.37036441504996,300.9560429766327
DAWN in-domain,Faster R-CNN,0.4498018530168944,0.023989665019932965,0.4225882841579425,0.4678886240800453,0.6977896575203926,0.029478204211841476,0.6642613039870598,0.7196382866236357,,,,,,,,,,,,,20.237553300137737,0.2771883941824642,19.99848879716397,20.541393794611423
DAWN in-domain,YOLOv11s,0.3136782785980541,0.05454900055562585,0.2751063103982223,0.3522502467978859,0.530219829979287,0.031148443428143224,0.5081945544078413,0.5522451055507326,0.6709903185965609,0.05188420193251644,0.6343026475736263,0.7076779896194954,0.43055430581151033,0.06986919621799947,0.3811493233697094,0.4799592882533112,0.5240787096303368,0.06775275018599766,0.4761702805297797,0.5719871387308939,599.0907132355533,536.6746815369931,219.6044066296145,978.577019841492
DAWN → ACDC,Faster R-CNN,0.15553831876018165,0.0053518848074320426,0.1505961620566373,0.1612224931780917,0.2683476918559093,0.009316934966721082,0.2618614661547307,0.2790239691933869,,,,,,,,,,,,,9.761241962776886,6.265521208384746,6.043846557535874,16.99511264526872
DAWN → ACDC,YOLOv11s,0.08283676728713493,0.020553517377750425,0.0708652517212725,0.1065696146311667,0.15037372422538262,0.03697551580741521,0.1272307465377231,0.1930175594086149,0.36960626234781985,0.13014853863049444,0.2793430336691243,0.5187958137656358,0.16526574051169998,0.04023705464572179,0.1287481540659651,0.2084016311676787,0.22788444492124216,0.06248912442569761,0.1762591352961679,0.2973549882085639,291.85765309076555,14.86064148747021,280.3519247328337,308.63559444108193
