experiment,dataset,source_train_dataset,target_test_dataset,transfer_direction,model,seed,condition,mAP50-95,mAP50,mAP75,Precision,Recall,F1-score,Preprocess_ms_per_image,Inference_ms_per_image,Postprocess_ms_per_image,FPS,source_file
in_domain,ACDC,ACDC,ACDC,ACDC in-domain,Faster R-CNN,123,global,0.4282538569465981,0.6121081075598724,0.4556176763799812,,,,,61.7701841148148,,16.189040300434566,faster_rcnn/acdc_in_domain_faster_rcnn_seed123/acdc_faster_rcnn_in_domain_results_summary.csv
in_domain,ACDC,ACDC,ACDC,ACDC in-domain,Faster R-CNN,123,fog,0.5721562015340912,0.7642611259560074,0.6214662145460944,,,,,61.78693779998639,,16.184650601024288,faster_rcnn/acdc_in_domain_faster_rcnn_seed123/acdc_faster_rcnn_in_domain_results_summary.csv
in_domain,ACDC,ACDC,ACDC,ACDC in-domain,Faster R-CNN,123,rain,0.3744993259108104,0.5446134317103036,0.3881243452412952,,,,,60.9977929529417,,16.39403577718747,faster_rcnn/acdc_in_domain_faster_rcnn_seed123/acdc_faster_rcnn_in_domain_results_summary.csv
in_domain,ACDC,ACDC,ACDC,ACDC in-domain,Faster R-CNN,123,snow,0.5153502311171907,0.6972506963058277,0.5676660882179746,,,,,61.90468892999661,,16.153865196396115,faster_rcnn/acdc_in_domain_faster_rcnn_seed123/acdc_faster_rcnn_in_domain_results_summary.csv
in_domain,ACDC,ACDC,ACDC,ACDC in-domain,Faster R-CNN,42,global,0.4127980780552399,0.5963486407541871,0.4499241406106068,,,,,62.10022086659726,,16.103002308931952,faster_rcnn/acdc_in_domain_faster_rcnn_seed42/acdc_faster_rcnn_in_domain_results_summary.csv
in_domain,ACDC,ACDC,ACDC,ACDC in-domain,Faster R-CNN,42,fog,0.5472437092089635,0.7540253451129051,0.5907400693384155,,,,,61.85775137008022,,16.166122722716473,faster_rcnn/acdc_in_domain_faster_rcnn_seed42/acdc_faster_rcnn_in_domain_results_summary.csv
in_domain,ACDC,ACDC,ACDC,ACDC in-domain,Faster R-CNN,42,rain,0.363071606523752,0.5262181553197531,0.3972955172230559,,,,,61.891234082309786,,16.15737696666526,faster_rcnn/acdc_in_domain_faster_rcnn_seed42/acdc_faster_rcnn_in_domain_results_summary.csv
in_domain,ACDC,ACDC,ACDC,ACDC in-domain,Faster R-CNN,42,snow,0.4888651036859383,0.6951031058760845,0.5272417684206996,,,,,61.89873515009822,,16.15541896898378,faster_rcnn/acdc_in_domain_faster_rcnn_seed42/acdc_faster_rcnn_in_domain_results_summary.csv
acdc_>dawn,DAWN,ACDC,DAWN,ACDC → DAWN,Faster R-CNN,123,global,0.2545904665070368,0.3771745413995682,0.2769068869151018,,,,,46.691044735708985,,21.417383261831517,faster_rcnn/acdc_to_dawn_faster_rcnn_seed123/dawn_to_acdc_faster_rcnn_seed123_results_summary.csv
acdc_>dawn,DAWN,ACDC,DAWN,ACDC → DAWN,Faster R-CNN,123,fog,0.2408578987304928,0.3548685333885831,0.264292219255111,,,,,46.30203913334299,,21.59732095427048,faster_rcnn/acdc_to_dawn_faster_rcnn_seed123/dawn_to_acdc_faster_rcnn_seed123_results_summary.csv
acdc_>dawn,DAWN,ACDC,DAWN,ACDC → DAWN,Faster R-CNN,123,rain,0.2438595526250922,0.3867597133966967,0.2383096538043165,,,,,47.05456562502377,,21.25192288393364,faster_rcnn/acdc_to_dawn_faster_rcnn_seed123/dawn_to_acdc_faster_rcnn_seed123_results_summary.csv
acdc_>dawn,DAWN,ACDC,DAWN,ACDC → DAWN,Faster R-CNN,123,snow,0.2949967357580869,0.4391368132159599,0.3222634725575686,,,,,46.75322482499382,,21.38889892073091,faster_rcnn/acdc_to_dawn_faster_rcnn_seed123/dawn_to_acdc_faster_rcnn_seed123_results_summary.csv
acdc_>dawn,DAWN,ACDC,DAWN,ACDC → DAWN,Faster R-CNN,42,global,0.2615932598932581,0.3822258713734248,0.2798823711481262,,,,,48.72164651428648,,20.5247579165202,faster_rcnn/acdc_to_dawn_faster_rcnn_seed42/dawn_to_acdc_faster_rcnn_seed42_results_summary.csv
acdc_>dawn,DAWN,ACDC,DAWN,ACDC → DAWN,Faster R-CNN,42,fog,0.2525635414274303,0.3642835605302404,0.2708412623815531,,,,,48.817642150002406,,20.48439777011948,faster_rcnn/acdc_to_dawn_faster_rcnn_seed42/dawn_to_acdc_faster_rcnn_seed42_results_summary.csv
acdc_>dawn,DAWN,ACDC,DAWN,ACDC → DAWN,Faster R-CNN,42,rain,0.2537577391498581,0.3861728042849348,0.2637236344496854,,,,,49.09169515000542,,20.37004419880762,faster_rcnn/acdc_to_dawn_faster_rcnn_seed42/dawn_to_acdc_faster_rcnn_seed42_results_summary.csv
acdc_>dawn,DAWN,ACDC,DAWN,ACDC → DAWN,Faster R-CNN,42,snow,0.2962297770323735,0.4401538320143034,0.3046665317097202,,,,,48.69929170000376,,20.534179555632488,faster_rcnn/acdc_to_dawn_faster_rcnn_seed42/dawn_to_acdc_faster_rcnn_seed42_results_summary.csv
acdc_>dawn,DAWN,ACDC,DAWN,ACDC → DAWN,Faster R-CNN,456,global,0.2605675177896172,0.3843760586833531,0.2838008952503693,,,,,48.71340210000719,,20.528231593166687,faster_rcnn/acdc_to_dawn_faster_rcnn_seed456/dawn_to_acdc_faster_rcnn_seed456_results_summary.csv
acdc_>dawn,DAWN,ACDC,DAWN,ACDC → DAWN,Faster R-CNN,456,fog,0.2375413068856995,0.3402483452093037,0.2669041177181918,,,,,48.15313815001901,,20.76707850035741,faster_rcnn/acdc_to_dawn_faster_rcnn_seed456/dawn_to_acdc_faster_rcnn_seed456_results_summary.csv
acdc_>dawn,DAWN,ACDC,DAWN,ACDC → DAWN,Faster R-CNN,456,rain,0.2140132260721682,0.3555459398098769,0.2036302762265302,,,,,49.620537375005824,,20.15294579424902,faster_rcnn/acdc_to_dawn_faster_rcnn_seed456/dawn_to_acdc_faster_rcnn_seed456_results_summary.csv
acdc_>dawn,DAWN,ACDC,DAWN,ACDC → DAWN,Faster R-CNN,456,snow,0.3448883725140518,0.5142795482405853,0.3791422859426305,,,,,50.45907777499679,,19.81803956979005,faster_rcnn/acdc_to_dawn_faster_rcnn_seed456/dawn_to_acdc_faster_rcnn_seed456_results_summary.csv
in_domain,DAWN,DAWN,DAWN,DAWN in-domain,Faster R-CNN,123,global,0.4589286508126955,0.7196382866236357,0.5454805847079561,,,,,50.00490868053728,,19.99848879716397,faster_rcnn/dawn_in_domain_faster_rcnn_seed123/dawn_faster_rcnn_in_domain_seed123_results_summary.csv
in_domain,DAWN,DAWN,DAWN,DAWN in-domain,Faster R-CNN,123,fog,0.3992610545041689,0.6070507084312533,0.4516983254988812,,,,,50.10266471666304,,19.95901826090743,faster_rcnn/dawn_in_domain_faster_rcnn_seed123/dawn_faster_rcnn_in_domain_seed123_results_summary.csv
in_domain,DAWN,DAWN,DAWN,DAWN in-domain,Faster R-CNN,123,rain,0.5020375302475746,0.7951306895994796,0.6079014422545913,,,,,49.67782332500974,,20.129706437773034,faster_rcnn/dawn_in_domain_faster_rcnn_seed123/dawn_faster_rcnn_in_domain_seed123_results_summary.csv
in_domain,DAWN,DAWN,DAWN,DAWN in-domain,Faster R-CNN,123,snow,0.475487367686343,0.7567334618401743,0.5768419863703956,,,,,50.23423799993907,,19.906741692811444,faster_rcnn/dawn_in_domain_faster_rcnn_seed123/dawn_faster_rcnn_in_domain_seed123_results_summary.csv
in_domain,DAWN,DAWN,DAWN,DAWN in-domain,Faster R-CNN,456,global,0.4225882841579425,0.6642613039870598,0.4613244765595545,,,,,49.573588988888815,,20.172777308637816,faster_rcnn/dawn_in_domain_faster_rcnn_seed456/dawn_faster_rcnn_in_domain_seed456_results_summary.csv
in_domain,DAWN,DAWN,DAWN,DAWN in-domain,Faster R-CNN,456,fog,0.3803514544284832,0.6228914788618252,0.3584604964283095,,,,,49.55869786666275,,20.178092707166996,faster_rcnn/dawn_in_domain_faster_rcnn_seed456/dawn_faster_rcnn_in_domain_seed456_results_summary.csv
in_domain,DAWN,DAWN,DAWN,DAWN in-domain,Faster R-CNN,456,rain,0.3902541283907104,0.620438384302679,0.4713641207771916,,,,,49.95005257500793,,20.019998947915848,faster_rcnn/dawn_in_domain_faster_rcnn_seed456/dawn_faster_rcnn_in_domain_seed456_results_summary.csv
in_domain,DAWN,DAWN,DAWN,DAWN in-domain,Faster R-CNN,456,snow,0.4971592696546338,0.7494540487966758,0.5541488124731622,,,,,49.21201652499576,,20.3202402708306,faster_rcnn/dawn_in_domain_faster_rcnn_seed456/dawn_faster_rcnn_in_domain_seed456_results_summary.csv
in_domain,DAWN,DAWN,DAWN,DAWN in-domain,Faster R-CNN,42,global,0.4678886240800453,0.7094693819504821,0.5521383184533495,,,,,48.683631941680176,,20.541393794611423,faster_rcnn/dawn_indomain_fasterrcnn_r50fpn_seed42/dawn_faster_rcnn_in_domain_seed42_results_summary.csv
in_domain,DAWN,DAWN,DAWN,DAWN in-domain,Faster R-CNN,42,fog,0.4152942862772976,0.5998218916936809,0.47655081286224,,,,,48.61636005001249,,20.569207546004733,faster_rcnn/dawn_indomain_fasterrcnn_r50fpn_seed42/dawn_faster_rcnn_in_domain_seed42_results_summary.csv
in_domain,DAWN,DAWN,DAWN,DAWN in-domain,Faster R-CNN,42,rain,0.5159682941787563,0.7634615453432885,0.579861945255735,,,,,49.03701587500109,,20.3927580452504,faster_rcnn/dawn_indomain_fasterrcnn_r50fpn_seed42/dawn_faster_rcnn_in_domain_seed42_results_summary.csv
in_domain,DAWN,DAWN,DAWN,DAWN in-domain,Faster R-CNN,42,snow,0.4724032917840819,0.765124708814477,0.6000021972420735,,,,,48.39751990002696,,20.662215792579133,faster_rcnn/dawn_indomain_fasterrcnn_r50fpn_seed42/dawn_faster_rcnn_in_domain_seed42_results_summary.csv
dawn_>acdc,ACDC,DAWN,ACDC,DAWN → ACDC,Faster R-CNN,123,global,0.1547963010458159,0.2618614661547307,0.1628801558695452,,,,,165.45754272221436,,6.043846557535874,faster_rcnn/dawn_to_acdc_faster_rcnn_seed123/dawn_to_acdc_faster_rcnn_seed123_results_summary.csv
dawn_>acdc,ACDC,DAWN,ACDC,DAWN → ACDC,Faster R-CNN,123,fog,0.2100446823501219,0.3343778170133397,0.2294943314999243,,,,,165.454562910013,,6.043955406318274,faster_rcnn/dawn_to_acdc_faster_rcnn_seed123/dawn_to_acdc_faster_rcnn_seed123_results_summary.csv
dawn_>acdc,ACDC,DAWN,ACDC,DAWN → ACDC,Faster R-CNN,123,rain,0.1424617531660111,0.2370859751800354,0.1523072348917379,,,,,164.3204045529501,,6.08567148261714,faster_rcnn/dawn_to_acdc_faster_rcnn_seed123/dawn_to_acdc_faster_rcnn_seed123_results_summary.csv
dawn_>acdc,ACDC,DAWN,ACDC,DAWN → ACDC,Faster R-CNN,123,snow,0.1744703220505414,0.2990966495067431,0.1744262430709368,,,,,163.92265666000185,,6.100437977125625,faster_rcnn/dawn_to_acdc_faster_rcnn_seed123/dawn_to_acdc_faster_rcnn_seed123_results_summary.csv
dawn_>acdc,ACDC,DAWN,ACDC,DAWN → ACDC,Faster R-CNN,42,global,0.1505961620566373,0.2641576402196102,0.1511902436917781,,,,,58.84044553705213,,16.99511264526872,faster_rcnn/dawn_to_acdc_faster_rcnn_seed42/dawn_to_acdc_faster_rcnn_seed42_results_summary.csv
dawn_>acdc,ACDC,DAWN,ACDC,DAWN → ACDC,Faster R-CNN,42,fog,0.2146560626503266,0.3691460555527988,0.2183816760118503,,,,,59.97342549998393,,16.674051743138598,faster_rcnn/dawn_to_acdc_faster_rcnn_seed42/dawn_to_acdc_faster_rcnn_seed42_results_summary.csv
dawn_>acdc,ACDC,DAWN,ACDC,DAWN → ACDC,Faster R-CNN,42,rain,0.1351653807436616,0.2349555619890772,0.1395488539708391,,,,,58.77461121178973,,17.014149126339227,faster_rcnn/dawn_to_acdc_faster_rcnn_seed42/dawn_to_acdc_faster_rcnn_seed42_results_summary.csv
dawn_>acdc,ACDC,DAWN,ACDC,DAWN → ACDC,Faster R-CNN,42,snow,0.1758695749714614,0.3070788435505059,0.1726681072974705,,,,,59.28644383000574,,16.867262318302274,faster_rcnn/dawn_to_acdc_faster_rcnn_seed42/dawn_to_acdc_faster_rcnn_seed42_results_summary.csv
dawn_>acdc,ACDC,DAWN,ACDC,DAWN → ACDC,Faster R-CNN,456,global,0.1612224931780917,0.2790239691933869,0.162769955612016,,,,,160.13408512407196,,6.244766685526067,faster_rcnn/dawn_to_acdc_faster_rcnn_seed456/dawn_to_acdc_faster_rcnn_seed456_results_summary.csv
dawn_>acdc,ACDC,DAWN,ACDC,DAWN → ACDC,Faster R-CNN,456,fog,0.2147146940322492,0.3655339545658084,0.2367154100077987,,,,,158.16539562000798,,6.3224954869553,faster_rcnn/dawn_to_acdc_faster_rcnn_seed456/dawn_to_acdc_faster_rcnn_seed456_results_summary.csv
dawn_>acdc,ACDC,DAWN,ACDC,DAWN → ACDC,Faster R-CNN,456,rain,0.1506192884471067,0.2534573206607858,0.1569612089238954,,,,,160.38247875587382,,6.235095053756775,faster_rcnn/dawn_to_acdc_faster_rcnn_seed456/dawn_to_acdc_faster_rcnn_seed456_results_summary.csv
dawn_>acdc,ACDC,DAWN,ACDC,DAWN → ACDC,Faster R-CNN,456,snow,0.1792948631484073,0.3122560156178354,0.1659356373526586,,,,,158.86530131001564,,6.294640753858283,faster_rcnn/dawn_to_acdc_faster_rcnn_seed456/dawn_to_acdc_faster_rcnn_seed456_results_summary.csv
in_domain,ACDC,ACDC,ACDC,ACDC in-domain,YOLOv11s,123,global,0.3563629574710001,0.5484181987692751,0.3664775202947836,0.7388761213595499,0.4911716446790979,0.5900827747787458,,0.8463145611088934,,1181.5937547969618,yolo/acdc_in_domain_yolo11s_seed123/acdc_yolo11s_in_domain_results_summary.csv
in_domain,ACDC,ACDC,ACDC,ACDC in-domain,YOLOv11s,123,fog,0.4478304835671998,0.6660478994746457,0.4669776364606837,0.8144956447983055,0.6027180876898209,0.6927836583353787,,0.9719495200079108,,1028.860017330798,yolo/acdc_in_domain_yolo11s_seed123/acdc_yolo11s_in_domain_results_summary.csv
in_domain,ACDC,ACDC,ACDC,ACDC in-domain,YOLOv11s,123,rain,0.3218702155648332,0.5086046559573422,0.3213310648357434,0.7073580951388158,0.4631535811479537,0.5597815746305849,,0.8913210499980885,,1121.930195637301,yolo/acdc_in_domain_yolo11s_seed123/acdc_yolo11s_in_domain_results_summary.csv
in_domain,ACDC,ACDC,ACDC,ACDC in-domain,YOLOv11s,123,snow,0.3876949295410424,0.5544699287367619,0.4105913842738962,0.6987725635696146,0.5000074545381897,0.5829117690359971,,0.9579639799994766,,1043.880585155766,yolo/acdc_in_domain_yolo11s_seed123/acdc_yolo11s_in_domain_results_summary.csv
in_domain,ACDC,ACDC,ACDC,ACDC in-domain,YOLOv11s,123,global,0.3563629574710001,0.5484181987692751,0.3664775202947836,0.7388761213595499,0.4911716446790979,0.5900827752584693,0.3532922685179882,0.9860331222221754,0.7302133814795929,1014.1647146156188,yolo/acdc_in_domain_yolo11s_seed123/results_summary.csv
in_domain,ACDC,ACDC,ACDC,ACDC in-domain,YOLOv11s,42,global,0.3329239214285413,0.5211670032383942,0.3455456957176694,0.7650000386663572,0.4412763826248984,0.5596999883814187,,11.82979540000091,,84.53231574908921,yolo/acdc_in_domain_yolo11s_seed42/acdc_yolo11s_in_domain_results_summary.csv
in_domain,ACDC,ACDC,ACDC,ACDC in-domain,YOLOv11s,42,fog,0.4126636352338828,0.6276686829718906,0.4272475101155472,0.8583596913941158,0.546958445957601,0.6681577218212356,,11.74539895003818,,85.13972188205233,yolo/acdc_in_domain_yolo11s_seed42/acdc_yolo11s_in_domain_results_summary.csv
in_domain,ACDC,ACDC,ACDC,ACDC in-domain,YOLOv11s,42,rain,0.3081403931462938,0.4835624486689747,0.3194468989421659,0.7661113800345182,0.4058056430787584,0.5305705350258861,,11.654375285293634,,85.80468498057336,yolo/acdc_in_domain_yolo11s_seed42/acdc_yolo11s_in_domain_results_summary.csv
in_domain,ACDC,ACDC,ACDC,ACDC in-domain,YOLOv11s,42,snow,0.3559817439453207,0.5598017190443728,0.3647993084376462,0.7242598610404571,0.4605567081048445,0.5630622424066168,,11.945241840035123,,83.71534150513772,yolo/acdc_in_domain_yolo11s_seed42/acdc_yolo11s_in_domain_results_summary.csv
in_domain,ACDC,ACDC,ACDC,ACDC in-domain,YOLOv11s,456,global,0.2069465043760527,0.3641803764424393,0.2003417483432152,0.5244858901368917,0.3428727645640794,0.4146656655677316,,0.8489326425896487,,1177.9497569436414,yolo/acdc_in_domain_yolo11s_seed456/acdc_yolo11s_in_domain_results_summary.csv
in_domain,ACDC,ACDC,ACDC,ACDC in-domain,YOLOv11s,456,fog,0.3019315735231635,0.479680418978891,0.3362568992718026,0.8110582302523158,0.4098376082251676,0.5445217429198664,,0.950637869991624,,1051.9252720374068,yolo/acdc_in_domain_yolo11s_seed456/acdc_yolo11s_in_domain_results_summary.csv
in_domain,ACDC,ACDC,ACDC,ACDC in-domain,YOLOv11s,456,rain,0.1904982497047579,0.3398366994786743,0.1784827971976655,0.4774115831969007,0.337421884825505,0.3953915060290611,,0.8800328735319721,,1136.3211876239864,yolo/acdc_in_domain_yolo11s_seed456/acdc_yolo11s_in_domain_results_summary.csv
in_domain,ACDC,ACDC,ACDC,ACDC in-domain,YOLOv11s,456,snow,0.206604101964955,0.3625988725530747,0.2005934917882138,0.5447815743689959,0.3171145195914732,0.400879289855082,,0.9652278599969576,,1036.024799370329,yolo/acdc_in_domain_yolo11s_seed456/acdc_yolo11s_in_domain_results_summary.csv
in_domain,ACDC,ACDC,ACDC,ACDC in-domain,YOLOv11s,456,global,0.2069465043760527,0.3641803764424393,0.2003417483432152,0.5244858901368917,0.3428727645640794,0.4146656660458103,0.3445674592575818,0.8442609777767353,0.7824852000007249,1184.4678675465798,yolo/acdc_in_domain_yolo11s_seed456/results_summary.csv
acdc_>dawn,DAWN,ACDC,DAWN,ACDC → DAWN,YOLOv11s,123,global,0.1287450506184209,0.2086774400042426,0.1493924086394732,0.3746137670529071,0.1926381845257831,0.2544369068545226,0.7114977499993204,6.2865105785671656,0.8531115500058409,127.37036441504996,yolo/acdc_to_dawn_yolo11s_seed123/acdc_to_dawn_yolo11s_results.csv
acdc_>dawn,DAWN,ACDC,DAWN,ACDC → DAWN,YOLOv11s,123,fog,0.0932355647208842,0.1674659823170013,0.0848466889869311,0.2985050686431071,0.1740706352471058,0.2199053675229058,1.9324235666545064,6.555623850006972,1.3668759666719172,101.47212323245412,yolo/acdc_to_dawn_yolo11s_seed123/acdc_to_dawn_yolo11s_results.csv
acdc_>dawn,DAWN,ACDC,DAWN,ACDC → DAWN,YOLOv11s,123,rain,0.2063068051631252,0.2928330845382188,0.2613355881393795,0.6635572248324031,0.2857025375939849,0.3994269861157025,2.287848924993341,7.089836099987679,4.8158363999959874,70.45467929052849,yolo/acdc_to_dawn_yolo11s_seed123/acdc_to_dawn_yolo11s_results.csv
acdc_>dawn,DAWN,ACDC,DAWN,ACDC → DAWN,YOLOv11s,123,snow,0.2027079428494533,0.3021045145114229,0.2587762321178843,0.6355595594146781,0.2769209757705638,0.3857611566863566,2.7389173499955177,3.286223374993824,5.953840899996976,83.47955037464565,yolo/acdc_to_dawn_yolo11s_seed123/acdc_to_dawn_yolo11s_results.csv
acdc_>dawn,DAWN,ACDC,DAWN,ACDC → DAWN,YOLOv11s,42,global,0.1159855169505529,0.1838432243774963,0.1243514592622632,0.3581057064669495,0.161089638205442,0.2222173957683124,0.5981275428601813,1.6297931500080918,1.0948236857107727,300.9560429766327,yolo/acdc_to_dawn_yolo11s_seed42/acdc_to_dawn_yolo11s_results.csv
acdc_>dawn,DAWN,ACDC,DAWN,ACDC → DAWN,YOLOv11s,42,fog,0.0838632131271763,0.1338875981927235,0.0782163271083154,0.3139073338484414,0.1286947320510592,0.1825487196332273,0.5549297500086444,2.6390250333255,1.9162396166772548,195.687271701008,yolo/acdc_to_dawn_yolo11s_seed42/acdc_to_dawn_yolo11s_results.csv
acdc_>dawn,DAWN,ACDC,DAWN,ACDC → DAWN,YOLOv11s,42,rain,0.1886330596333744,0.2697462628695338,0.2372217560647393,0.6399839659488725,0.2595419006223788,0.3693115697125118,0.6505086249944725,14.033248750001803,1.238229474995478,62.80623199990382,yolo/acdc_to_dawn_yolo11s_seed42/acdc_to_dawn_yolo11s_results.csv
acdc_>dawn,DAWN,ACDC,DAWN,ACDC → DAWN,YOLOv11s,42,snow,0.1806790740853406,0.292433223620209,0.2010756147921188,0.7102242975592687,0.2397836538461538,0.3585236878641717,1.064600124982462,2.879349199997705,1.3391757750014222,189.28190816520413,yolo/acdc_to_dawn_yolo11s_seed42/acdc_to_dawn_yolo11s_results.csv
acdc_>dawn,DAWN,ACDC,DAWN,ACDC → DAWN,YOLOv11s,456,global,0.0956807669643949,0.1704815983787298,0.0820782947331997,0.5349695309092624,0.143989629624978,0.2269063269009041,1.2277540857179965,1.248262900001659,2.048513942855022,221.0173862851726,yolo/acdc_to_dawn_yolo11s_seed456/acdc_to_dawn_yolo11s_results.csv
acdc_>dawn,DAWN,ACDC,DAWN,ACDC → DAWN,YOLOv11s,456,fog,0.0846695335901658,0.151802191578823,0.0713763691153693,0.5829765491422887,0.1263784278356815,0.207725785077452,2.267807749998004,4.0426964666608,2.4889239500036338,113.64374832771584,yolo/acdc_to_dawn_yolo11s_seed456/acdc_to_dawn_yolo11s_results.csv
acdc_>dawn,DAWN,ACDC,DAWN,ACDC → DAWN,YOLOv11s,456,rain,0.1127615673813937,0.2237588899618023,0.1052290163143009,0.8979036590674234,0.1991071428571428,0.325938508179215,2.5010543000064445,4.934740174996932,5.652967074996695,76.40142240959341,yolo/acdc_to_dawn_yolo11s_seed456/acdc_to_dawn_yolo11s_results.csv
acdc_>dawn,DAWN,ACDC,DAWN,ACDC → DAWN,YOLOv11s,456,snow,0.1699108890877696,0.2791815848604151,0.1556718754352707,0.3977506266249853,0.2214339936379409,0.2844886867124194,2.503272374997323,1.5438397500020071,5.125765450003428,109.01704419615557,yolo/acdc_to_dawn_yolo11s_seed456/acdc_to_dawn_yolo11s_results.csv
in_domain,DAWN,DAWN,DAWN,DAWN in-domain,YOLOv11s,123,global,0.3522502467978859,0.5522451055507326,0.3895940267864121,0.7076779896194954,0.4799592882533112,0.5719871387308939,0.3973297142839068,4.553642685716244,0.7584625999990229,219.60440662961452,yolo/dawn_in_domain_yolo11s_seed123/results_summary.csv
in_domain,DAWN,DAWN,DAWN,DAWN in-domain,YOLOv11s,456,global,0.2751063103982223,0.5081945544078413,0.2279758819964644,0.6343026475736263,0.3811493233697094,0.4761702805297797,0.4082856857166916,1.0218919714280414,0.9586509214289306,978.577019841492,yolo/dawn_in_domain_yolo11s_seed456/results_summary.csv
dawn_>acdc,ACDC,DAWN,ACDC,DAWN → ACDC,YOLOv11s,123,global,0.0708652517212725,0.1308728667298098,0.0662235528024174,0.3106799396086995,0.1586474363014562,0.2100392112589947,0.5236851611092181,1.6574426166673422,1.3082330203739423,286.585440098381,yolo/dawn_to_acdc_yolo11s_seed123/dawn_to_acdc_yolo11s_results.csv
dawn_>acdc,ACDC,DAWN,ACDC,DAWN → ACDC,YOLOv11s,123,fog,0.0827122325265618,0.151876955306626,0.0791079675870178,0.5660510437109616,0.2243115636267693,0.3213001058718206,0.920192270004918,2.752842380000402,5.646703079996769,107.2991567971705,yolo/dawn_to_acdc_yolo11s_seed123/dawn_to_acdc_yolo11s_results.csv
dawn_>acdc,ACDC,DAWN,ACDC,DAWN → ACDC,YOLOv11s,123,rain,0.0680804075290706,0.1225036528783341,0.0645770542345231,0.2672066495663325,0.1510188149599761,0.1929735752108644,0.7667723000007327,1.5561573735286562,1.682440029405959,249.6648434892656,yolo/dawn_to_acdc_yolo11s_seed123/dawn_to_acdc_yolo11s_results.csv
dawn_>acdc,ACDC,DAWN,ACDC,DAWN → ACDC,YOLOv11s,123,snow,0.0827962964829737,0.1554810405929484,0.0765661214844574,0.5374053905697498,0.187255847081737,0.277736123884765,1.0375275500018688,1.2355766399923596,3.756247650003388,165.85530692804872,yolo/dawn_to_acdc_yolo11s_seed123/dawn_to_acdc_yolo11s_results.csv
dawn_>acdc,ACDC,DAWN,ACDC,DAWN → ACDC,YOLOv11s,42,global,0.0710754355089656,0.1272307465377231,0.0713789959414748,0.2793430336691243,0.1287481540659651,0.1762591352961679,0.4770858981457961,1.5267185574059652,1.236262529628389,308.63559444108193,yolo/dawn_to_acdc_yolo11s_seed42/dawn_to_acdc_yolo11s_results.csv
dawn_>acdc,ACDC,DAWN,ACDC,DAWN → ACDC,YOLOv11s,42,fog,0.0761416968659636,0.139496314299795,0.0711732551640871,0.5584958020932647,0.1530291603821015,0.2402337182210092,1.156019970003399,5.657632540005579,2.551190889998906,106.78235153394644,yolo/dawn_to_acdc_yolo11s_seed42/dawn_to_acdc_yolo11s_results.csv
dawn_>acdc,ACDC,DAWN,ACDC,DAWN → ACDC,YOLOv11s,42,rain,0.0713865380189187,0.1208027306042009,0.0753647969446936,0.2426143355428899,0.1290665557060465,0.1684961341338339,0.4881471088270593,0.925767964706799,1.3394081529333883,363.1974591240009,yolo/dawn_to_acdc_yolo11s_seed42/dawn_to_acdc_yolo11s_results.csv
dawn_>acdc,ACDC,DAWN,ACDC,DAWN → ACDC,YOLOv11s,42,snow,0.0887262962782999,0.1570434052206745,0.0909600002314078,0.6242914790345049,0.1344257094776686,0.2212176717773936,0.7563544399999955,1.1343914000008226,1.4304366400028812,301.09757775155015,yolo/dawn_to_acdc_yolo11s_seed42/dawn_to_acdc_yolo11s_results.csv
dawn_>acdc,ACDC,DAWN,ACDC,DAWN → ACDC,YOLOv11s,456,global,0.1065696146311667,0.1930175594086149,0.0996323340489035,0.5187958137656358,0.2084016311676787,0.2973549882085639,0.4741334000001458,1.822710072221938,1.27010189814756,280.3519247328337,yolo/dawn_to_acdc_yolo11s_seed456/dawn_to_acdc_yolo11s_results.csv
dawn_>acdc,ACDC,DAWN,ACDC,DAWN → ACDC,YOLOv11s,456,fog,0.1217248445528461,0.2208634423250741,0.1076116058935779,0.465617877517945,0.2764825914214239,0.346948271228818,1.0296445100004803,6.420143019997795,5.0592613700007405,79.94212893356574,yolo/dawn_to_acdc_yolo11s_seed456/dawn_to_acdc_yolo11s_results.csv
dawn_>acdc,ACDC,DAWN,ACDC,DAWN → ACDC,YOLOv11s,456,rain,0.098350851800927,0.1755804065828167,0.0971221384116035,0.5082094313279054,0.2013375389004062,0.2884139893278985,0.5696403529407904,1.4033361323530404,1.8876687499996208,259.02405920599665,yolo/dawn_to_acdc_yolo11s_seed456/dawn_to_acdc_yolo11s_results.csv
dawn_>acdc,ACDC,DAWN,ACDC,DAWN → ACDC,YOLOv11s,456,snow,0.1344576341752892,0.2442256293223604,0.1230907032469979,0.6148099280516564,0.2361341373765308,0.3412154051229039,0.7363530800000717,2.277194339999369,3.915641380001489,144.31703751525228,yolo/dawn_to_acdc_yolo11s_seed456/dawn_to_acdc_yolo11s_results.csv
